epoch,data_loss,phys_loss_unweighted,phys_loss_weighted,total_loss,lr
1,0.10692908375390939,0.006592716622565474,0.0006592716622565475,0.10758835541616593,0.0005
2,0.047484269099576135,0.004364799275728208,0.0004364799275728209,0.047920749027148955,0.0004999950750836061
3,0.04267074992614133,0.0038905777369758914,0.0003890577736975892,0.04305980769983892,0.0004999803005288522
4,0.03794987526323114,0.004431077146104404,0.0004431077146104404,0.03839298297784158,0.0004999556769190119
5,0.03843982783811433,0.004481104468660695,0.00044811044686606953,0.0388879382849804,0.0004999212052261833
6,0.033670905977487564,0.0044022042171231335,0.00044022042171231335,0.03411112639919988,0.0004998768868112501
7,0.03309177953217711,0.004495248531124422,0.0004495248531124422,0.03354130438528955,0.000499822723423827
8,0.028907323522227153,0.004053814270134483,0.00040538142701344827,0.0293127049492406,0.0004997587172021922
9,0.027785250917077065,0.003977976074176175,0.00039779760741761753,0.028183048524494683,0.0004996848706732014
10,0.01916172807770116,0.003357495181262493,0.00033574951812624936,0.01949747759582741,0.0004996011867521894
11,0.017508383707276413,0.002793883971337761,0.0002793883971337761,0.01778777210441019,0.0004995076687428538
12,0.012078379413911275,0.0023343954235315323,0.00023343954235315325,0.01231181895626443,0.0004994043203371257
13,0.011389303819409438,0.00220989909887846,0.00022098990988784602,0.011610293729297283,0.0004992911456150232
14,0.009739101066121034,0.001950187043153814,0.00019501870431538142,0.009934119770436416,0.0004991681490444904
15,0.010466681527239936,0.002193336474842259,0.0002193336474842259,0.010686015174724162,0.0004990353354812216
16,0.012209060335797923,0.0024478113212223563,0.00024478113212223564,0.01245384146792016,0.0004988927101684685
17,0.009858692131404365,0.002224204546239759,0.00022242045462397592,0.010081112586028342,0.0004987402787368345
18,0.009596180370343583,0.0022598616279927747,0.0002259861627992775,0.00982216653314286,0.0004985780472040513
19,0.00722050414021526,0.002116635026011084,0.0002116635026011084,0.007432167642816369,0.0004984060219747422
20,0.008545769478327461,0.0022977078167189446,0.00022977078167189447,0.008775540259999355,0.0004982242098401686
21,0.009646718190716845,0.002451674680092505,0.0002451674680092505,0.009891885658726096,0.0004980326179779623
22,0.0056381619069725275,0.0022957055729680826,0.00022957055729680827,0.005867732464269336,0.000497831253951842
23,0.0047006097821784875,0.002178204195973064,0.00021782041959730642,0.004918430201775794,0.0004976201257113146
24,0.0024928610904940535,0.001979774995041745,0.0001979774995041745,0.002690838589998228,0.0004973992415913615
25,0.004260626355452197,0.0019795313544039217,0.00019795313544039217,0.0044585794908925894,0.0004971686103121096
26,0.003579045188546713,0.0020265010451631887,0.00020265010451631888,0.0037816952930630316,0.000496928240978487
27,0.0032877519926322357,0.0022039819076391204,0.00022039819076391206,0.003508150183396148,0.0004966781430798632
28,0.0025883801614067386,0.00196863739152572,0.000196863739152572,0.0027852439005593105,0.0004964183264896752
29,0.0029065733958434847,0.002134936196463449,0.0002134936196463449,0.0031200670154898297,0.000496148801465037
30,0.002312677172345242,0.001991387440024742,0.00019913874400247423,0.0025118159163477166,0.000495869578646335
31,0.001763362911463316,0.0018826568931607263,0.00018826568931607263,0.0019516286007793887,0.000495580669056808
32,0.0018564688507467508,0.002080072831761624,0.0002080072831761624,0.002064476133922913,0.000495282084102112
33,0.0013273459958976933,0.0021219950701509204,0.00021219950701509207,0.0015395455029127854,0.0004949738355698698
34,0.0022353285873707917,0.002389717065463109,0.0002389717065463109,0.0024743002939171025,0.0004946559356292055
35,0.0028233613286699566,0.0021841549647173713,0.00021841549647173714,0.0030417768251416936,0.0004943283968302645
36,0.003204017362025167,0.002083959640003741,0.0002083959640003741,0.003412413326025541,0.0004939912321037177
37,0.001660210928613586,0.0020865833586347954,0.00020865833586347955,0.0018688692644770657,0.0004936444547602513
38,0.001765348166892571,0.002028427519170301,0.0002028427519170301,0.001968190918809601,0.0004932880784900408
39,0.0026118301736590055,0.0022347887279465795,0.00022347887279465796,0.0028353090464536632,0.0004929221173622113
40,0.0020714106503874063,0.0022774735532168832,0.00022774735532168835,0.0022991580057090946,0.0004925465858242815
41,0.0016513356739389046,0.0022637717691915376,0.00022637717691915377,0.0018777128508580584,0.0004921614987015935
42,0.0013512782752513885,0.0020499893331101964,0.00020499893331101966,0.0015562772085624082,0.0004917668711967276
43,0.0015792915614188782,0.0022085938502901365,0.00022085938502901367,0.0018001509464478918,0.0004913627188889019
44,0.001459681345815105,0.0018634393511872207,0.0001863439351187221,0.0016460252809338272,0.0004909490577333576
45,0.0010644966220882321,0.0020838460685419185,0.00020838460685419186,0.001272881228942424,0.0004905259040607285
46,0.0015646821287061488,0.0018970867219780172,0.00018970867219780173,0.0017543908009039506,0.0004900932745763974
47,0.001167671721694725,0.002113811971087541,0.00021138119710875408,0.001379052918803479,0.0004896511863598354
48,0.0011445680117633725,0.0020335997687652707,0.0002033599768765271,0.0013479279886398996,0.0004891996568639283
49,0.001188374315721116,0.001983113836364022,0.00019831138363640222,0.0013866856993575182,0.0004887387039142875
50,0.0009120981641379851,0.0022379744332283735,0.00022379744332283737,0.0011358956074608224,0.0004882683457085462
51,0.001666427165868559,0.002167447386974735,0.00021674473869747352,0.0018831719045660324,0.0004877886008156409
52,0.0014144772264574254,0.0022573714377358556,0.00022573714377358556,0.001640214370231011,0.00048729948817507855
53,0.0017142072319984436,0.0021768875386832015,0.00021768875386832015,0.0019318959858667638,0.00048680102709618866
54,0.003407947486266494,0.002310208394192159,0.00023102083941921593,0.0036389683256857095,0.0004862932372573613
55,0.0014523228164762259,0.002154882814336036,0.00021548828143360362,0.0016678110979098295,0.0004857761387052697
56,0.001782932152439441,0.0021281729402419713,0.00021281729402419715,0.001995749446463638,0.0004852497518540793
57,0.0011397560592740774,0.0019430852262303233,0.00019430852262303233,0.0013340645818971097,0.00048471409748464164
58,0.0013816893749338175,0.0020374690481860724,0.00020374690481860726,0.0015854362797524247,0.00048416919674367404
59,0.0009729019969069798,0.0019910382273207817,0.00019910382273207817,0.0011720058196390578,0.00048361507114292473
60,0.0010388975580488996,0.0022129074537328313,0.00022129074537328313,0.0012601883034221828,0.0004830517425583236
61,0.0009299753000959754,0.00201942802440109,0.000201942802440109,0.0011319181025360844,0.00048247923322911876
62,0.0009254005604556628,0.0019915130521569934,0.00019915130521569934,0.0011245518656713622,0.000481897565756998
63,0.0010144961748405226,0.002160412957891822,0.0002160412957891822,0.0012305374706297048,0.0004813067631051973
64,0.0007348743757964778,0.002066013153775462,0.00020660131537754623,0.000941475691174024,0.0004807068485975937
65,0.0007762467305708144,0.002099820978141257,0.0002099820978141257,0.00098622882838494,0.0004800978459177847
66,0.0007038420299068093,0.0020692777720146944,0.00020692777720146945,0.0009107698071082787,0.0004794797791081533
67,0.0008295713840717715,0.0022028920939192176,0.00022028920939192177,0.0010498605934636932,0.00047885267256891895
68,0.0008318204865125674,0.002101551691469337,0.00021015516914693372,0.0010419756556595012,0.000478216551057174
69,0.000656855055629941,0.0020331572741270065,0.00020331572741270066,0.0008601707830426416,0.0004775714396859065
70,0.0009521875929619585,0.002289723920901971,0.00022897239209019712,0.0011811599850521555,0.00047691736392300874
71,0.0008158780027380479,0.002126063868802573,0.0002126063868802573,0.0010284843896183051,0.00047625434959027194
72,0.0008810952837978091,0.0021534932145316687,0.0002153493214531669,0.0010964446052509759,0.00047558242286236665
73,0.0008975876387142177,0.0021619833506909864,0.00021619833506909865,0.0011137859737833163,0.00047490161026580963
74,0.0007338132251918848,0.0021214535227045417,0.0002121453522704542,0.000945958577462339,0.0004742119386779164
75,0.0007026978502316135,0.002110049411255334,0.00021100494112553342,0.0009137027913571469,0.00047351343532574036
76,0.0006647381565666624,0.0020262274026338544,0.00020262274026338546,0.0008673608968300479,0.0004728061277849978
77,0.0008221655734814703,0.0020186642816822442,0.00020186642816822444,0.0010240320016496947,0.0004720900439789794
78,0.0007171205693988927,0.002272667030670813,0.0002272667030670813,0.000944387272465974,0.0004713652121774476
79,0.0005502877507491835,0.0023071784027186887,0.00023071784027186887,0.0007810055910210524,0.0004706316609955209
80,0.0009581768452855093,0.0020126587811059187,0.0002012658781105919,0.0011594427233961012,0.00046988941939254383
81,0.0006607493726603154,0.0020152556992668125,0.00020152556992668127,0.0008622749425869967,0.000469138516670944
82,0.0007721859250783122,0.0021791610467646804,0.00021791610467646806,0.0009901020297547803,0.0004683789824750751
83,0.0005882046950448837,0.0021792216492550714,0.00021792216492550715,0.0008061268599703908,0.0004676108467900467
84,0.000588328592129983,0.0021717208105006386,0.00021717208105006386,0.0008055006731800469,0.0004668341399405403
85,0.0008082933740557305,0.0021014438077275243,0.00021014438077275244,0.001018437754828483,0.0004660488925896124
86,0.0007982366951182485,0.0019447030166962317,0.00019447030166962317,0.0009927069967878717,0.000465255135737484
87,0.0006734583668211209,0.0022060671887759653,0.00022060671887759654,0.0008940650856987175,0.00046445290072031633
88,0.0006493141367432795,0.0023185550567827056,0.00023185550567827057,0.00088116964242155,0.0004636422192089742
89,0.0006963707897479513,0.002181968485404338,0.0002181968485404338,0.0009145676382883851,0.0004628231232077757
90,0.000703787144240258,0.00209023871658636,0.00020902387165863603,0.000912811015898894,0.0004619956450532283
91,0.0006973473729366171,0.0023272306758112143,0.00023272306758112145,0.0009300704405177386,0.00046115981741275277
92,0.0006663810199825093,0.0019013693922066263,0.00019013693922066265,0.000856517959203172,0.0004603156732833932
93,0.0006249953169442181,0.0019380398942822857,0.00019380398942822857,0.0008187993063724467,0.0004594632459905144
94,0.0005785668430949695,0.002041755643274103,0.0002041755643274103,0.0007827424074223798,0.0004586025691864862
95,0.0006303948175627738,0.0022479432934362975,0.00022479432934362976,0.0008551891469064036,0.00045773367684935525
96,0.0008090915590790766,0.0022971328414444414,0.00022971328414444415,0.0010388048432235207,0.00045685660328150315
97,0.0006011820639417108,0.0020845008049426334,0.00020845008049426335,0.0008096321444359742,0.0004559713831082926
98,0.0006312196201179177,0.0020641835373161094,0.00020641835373161094,0.0008376379738495286,0.00045507805127670037
99,0.0005922293889203242,0.002023695868306926,0.00020236958683069264,0.0007945989757510169,0.0004541766430539374
100,0.0006664684374949761,0.0021027629762621863,0.00021027629762621864,0.0008767447351211948,0.00045326719402605687
101,0.0005897192334357117,0.0020732178153204067,0.0002073217815320407,0.0007970410149677524,0.0004523497400965493
102,0.0005156194217436548,0.002091087051667273,0.00020910870516672732,0.0007247281269103822,0.0004514243174849248
103,0.0007163461871511702,0.0022834946201848133,0.00022834946201848134,0.0009446956491696516,0.00045049096272528367
104,0.0006009104815478038,0.0021934014345918384,0.00021934014345918385,0.0008202506250069876,0.0004495497126648734
105,0.0004886189043255788,0.00211568341390895,0.000211568341390895,0.0007001872457164739,0.0004486006044626348
106,0.0005179994623176754,0.0021537818580067585,0.00021537818580067585,0.0007333776481183512,0.0004476436755877347
107,0.0005688839176270578,0.0019905856710725595,0.00019905856710725596,0.0007679424847343139,0.0004466789638180863
108,0.0006071139193539109,0.0022638456263978568,0.0002263845626397857,0.0008334984819936966,0.00044570650723885864
109,0.000585283273332087,0.0022549137439844863,0.00022549137439844863,0.0008107746477305357,0.0004447263442409723
110,0.000615826785048869,0.0019657777905065033,0.00019657777905065035,0.0008124045640995193,0.00044373851351958406
111,0.000500167757439028,0.0021172109159774016,0.00021172109159774016,0.0007118888490367681,0.0004427430540725593
112,0.00039583481598778496,0.0021763721514227135,0.00021763721514227137,0.0006134720311300563,0.00044174000519893274
113,0.0005808825870709759,0.0021725143638572524,0.00021725143638572526,0.0007981340234567012,0.00044072940649735623
114,0.0006416831622898046,0.002227632578329316,0.0002227632578329316,0.0008644464201227362,0.0004397112978645361
115,0.00055701206604551,0.002238016775143998,0.0002238016775143998,0.0007808137435599097,0.0004386857194936579
116,0.0005725549625432384,0.002143946210188525,0.0002143946210188525,0.0007869495835620909,0.00043765271187279966
117,0.0005387721757870167,0.0021279600083029698,0.000212796000830297,0.0007515681766173137,0.00043661231578333347
118,0.0005957753829924124,0.0020813599029289825,0.00020813599029289827,0.0008039113732853107,0.00043556457229831545
119,0.0006465381842904858,0.002082505911987807,0.0002082505911987807,0.0008547887754892664,0.0004345095227808644
120,0.000499438781324508,0.0020817217383799808,0.0002081721738379981,0.0007076109551625061,0.0004334472088825288
121,0.0004640625640084701,0.002095336077867874,0.00020953360778678743,0.0006735961717952575,0.00043237767254164223
122,0.0004685289750341326,0.0020035862357222606,0.00020035862357222606,0.0006688875986063587,0.0004313009559816682
123,0.0004629604851028749,0.00215400053587343,0.000215400053587343,0.0006783605386902179,0.00043021710170953277
124,0.00046056052503575174,0.002115026648555483,0.00021150266485554832,0.0006720631898913,0.0004291261525139469
125,0.0008726468617429159,0.002197352437568562,0.00021973524375685623,0.0010923821054997721,0.00042802815146371673
126,0.0023406830400095452,0.002182770736648568,0.00021827707366485683,0.0025589601136744022,0.00042692314190604367
127,0.0014028501838246094,0.002421635918186179,0.00024216359181861792,0.0016450137756432272,0.000425811167464813
128,0.0007019693356206906,0.0019611512252595276,0.00019611512252595278,0.0008980844581466434,0.0004246922720388716
129,0.000923874438740313,0.0020763379954067723,0.00020763379954067725,0.0011315082382809902,0.00042356649980029496
130,0.0006094842641946993,0.001966772966885141,0.0001966772966885141,0.0008061615608832134,0.0004224338951926436
131,0.0004959855868946761,0.0021648791818214314,0.00021648791818214315,0.0007124735050768193,0.000421294502929208
132,0.0006981456660599049,0.002117019928326564,0.0002117019928326564,0.0009098476588925613,0.0004201483679912437
133,0.0005263155035208911,0.0020872559897335513,0.00020872559897335515,0.0007350411024942462,0.00041899553562619576
134,0.0006912139568677438,0.0020090605498158504,0.00020090605498158506,0.0008921200118493289,0.00041783605134591183
135,0.0004976489165398691,0.0019368902015100633,0.00019368902015100633,0.0006913379366908755,0.0004166699609248459
136,0.0004779060712150697,0.002231414330058864,0.0002231414330058864,0.0007010475042209561,0.0004154973103982513
137,0.0005094543490226247,0.002212601148390344,0.00022126011483903442,0.0007307144638616591,0.00041431814606036275
138,0.0004693058477382043,0.0021349410859069656,0.00021349410859069657,0.0006827999563289008,0.0004131325144625694
139,0.0004963711793867073,0.0020097790651821663,0.00020097790651821664,0.0006973490859049239,0.00041194046241157655
140,0.00048768971256712187,0.0021469960255282266,0.00021469960255282269,0.0007023893151199446,0.00041074203696755794
141,0.00044743081213839887,0.0020514175162783693,0.00020514175162783695,0.0006525725637662359,0.00040953728544229824
142,0.00037551873850004213,0.00206743272220982,0.00020674327222098198,0.0005822620107210242,0.00040832625539732474
143,0.00047437442117370665,0.002321225158604128,0.00023212251586041284,0.0007064969370341195,0.0004071089946420299
144,0.0003964253451808223,0.002234140610588448,0.00022341406105884484,0.0006198394062396672,0.00040588555123178427
145,0.0005192001242124077,0.002249300529781197,0.0002249300529781197,0.0007441301771905274,0.0004046559734660386
146,0.0005147055697826934,0.0022674681552286658,0.00022674681552286658,0.00074145238530556,0.0004034203098864179
147,0.0003734852445112275,0.0020606104184740354,0.00020606104184740356,0.000579546286358631,0.00040217860927480427
148,0.00043277878181210587,0.002232452871144882,0.00022324528711448823,0.0006560240689265941,0.0004009309206514119
149,0.0005608275574299373,0.0022687207508300033,0.00022687207508300034,0.0007876996325129376,0.0003996772932728512
150,0.00044228241313248873,0.002101610381422298,0.00021016103814222982,0.0006524434512747185,0.0003984177766301845
151,0.00042522194728787454,0.002106783080047795,0.0002106783080047795,0.000635900255292654,0.0003971524204469723
152,0.0004407402884680778,0.0021885582578501533,0.00021885582578501535,0.0006595961142530931,0.00039588127467731
153,0.00040884371472722184,0.002112973065647696,0.0002112973065647696,0.0006201410212919914,0.000394604389503856
154,0.00037907239831318814,0.002215154784997659,0.0002215154784997659,0.000600587876812954,0.0003933218153358506
155,0.0004728141731383013,0.0020791531008269104,0.00020791531008269105,0.0006807294832209923,0.000392033602807126
156,0.0004789327587267118,0.002039833925664425,0.0002039833925664425,0.0006829161512931542,0.0003907398027741068
157,0.0006428355035105986,0.0020468656938256963,0.00020468656938256964,0.0008475220728931682,0.0003894404663138031
158,0.00044473615499945093,0.002036125465695347,0.0002036125465695347,0.0006483487015689856,0.0003881356447217936
159,0.00046893057255406996,0.002145656367896923,0.00021456563678969232,0.0006834962093437623,0.0003868253895102004
160,0.0004103500146551856,0.0019889152775119457,0.00019889152775119458,0.0006092415424063802,0.00038550975240565576
161,0.0003423369427244844,0.0021392071253753136,0.00021392071253753138,0.0005562576552620158,0.00038418878534725987
162,0.00040742411095249863,0.0022431668725662996,0.00022431668725662998,0.0006317407982091286,0.0003828625404845304
163,0.0003159570208351527,0.0019687302077987363,0.00019687302077987364,0.0005128300416150263,0.0003815310701753435
164,0.0005967864251163389,0.0022614313888230492,0.00022614313888230493,0.0008229295639986438,0.0003801944269838672
165,0.0005700117970783529,0.0022213030606508255,0.00022213030606508256,0.0007921421031434354,0.00037885266367848613
166,0.000442303906311281,0.002291487413458526,0.00022914874134585264,0.0006714526476571337,0.0003775058332297179
167,0.0003297758084954694,0.0021411102664257798,0.000214111026642578,0.0005438868351380474,0.0003761539888081225
168,0.00039830500567664525,0.0021548751974478364,0.00021548751974478366,0.000613792525421429,0.00037479718378220317
169,0.00036782211931754967,0.0022174137910561903,0.00022174137910561904,0.0005895634984231687,0.0003734354717162989
170,0.00033929889364766756,0.002064257627353072,0.00020642576273530722,0.0005457246563829748,0.0003720689063684706
171,0.0003465948227260794,0.0020527565253100227,0.00020527565253100228,0.0005518704752570817,0.00037069754168837815
172,0.00041302208930054415,0.0020719498196350677,0.00020719498196350677,0.0006202170712640509,0.000369321431815151
173,0.0003230850873348702,0.0022582735899569733,0.00022582735899569735,0.0005489124463305676,0.0003679406310752507
174,0.0003614792138770489,0.0022007073442052516,0.00022007073442052518,0.000581549948297574,0.00036655519398032607
175,0.0003762200420689104,0.0021735651784443428,0.00021735651784443428,0.0005935765599133447,0.00036516517522506143
176,0.00034397981029802134,0.0020631900655903985,0.00020631900655903985,0.0005502988168570612,0.0003637706296850171
177,0.00030936943949200213,0.0021721545407282455,0.00021721545407282457,0.0005265848935648267,0.00036237161241446333
178,0.0002951898641185835,0.002066194262754704,0.00020661942627547044,0.0005018092903940539,0.0003609681786442061
179,0.0002935117091900403,0.0020418428549809115,0.00020418428549809115,0.0004976959946881314,0.0003595603837794079
180,0.00034516630902154636,0.0022042937676555346,0.00022042937676555348,0.0005655956857870999,0.0003581482833973995
181,0.00031795664108358324,0.0020582403355677214,0.00020582403355677215,0.0005237806746403554,0.0003567319332454858
182,0.00030816798763615746,0.0019613414769992232,0.00019613414769992232,0.0005043021353360798,0.0003553113892387458
183,0.0002894690987886861,0.0021842067861663444,0.00021842067861663444,0.0005078897774053205,0.00035388670745782456
184,0.0002571857039583847,0.0019583088578656316,0.00019583088578656316,0.00045301658974494785,0.0003524579441467192
185,0.0005694824732407662,0.0020640729926526546,0.0002064072992652655,0.0007758897725060317,0.00035102515571055896
186,0.0008787102248918797,0.002188033224748714,0.0002188033224748714,0.0010975135473667511,0.0003495883987133779
187,0.0004389937301831586,0.0021535082986312254,0.00021535082986312256,0.0006543445600462811,0.00034814772987588216
188,0.0006206587006870125,0.002332574687898159,0.00023325746878981592,0.0008539161694768284,0.00034670320607321054
189,0.00044406866956186216,0.0020217920620260493,0.00020217920620260493,0.0006462478757644671,0.0003452548843326895
190,0.00046133432520686517,0.0020755036301644786,0.00020755036301644788,0.000668884688223313,0.0003438028218315813
191,0.00039514992386102676,0.002103924801174019,0.00021039248011740192,0.0006055424039784287,0.00034234707589482727
192,0.00037665381179457266,0.002094326590720032,0.0002094326590720032,0.0005860864708665759,0.0003408877039927843
193,0.00042159901412170645,0.002127072840396847,0.0002127072840396847,0.0006343062981613911,0.0003394247637389562
194,0.0005040707266224283,0.0019300157852870012,0.00019300157852870014,0.0006970723051511284,0.0003379583128877193
195,0.0004294831492838317,0.002186187443190387,0.00021861874431903874,0.0006481018936028704,0.0003364884093320422
196,0.00036939124402124435,0.0020548229637954918,0.00020548229637954918,0.0005748735404007935,0.0003350151111012004
197,0.00031674217773667933,0.0021972336773095386,0.00021972336773095388,0.0005364655454676332,0.0003335384763584853
198,0.00041824955509842506,0.0021164111427164505,0.00021164111427164506,0.0006298906693700701,0.00033205856339890835
199,0.00029682950844289735,0.002092605539863663,0.0002092605539863663,0.0005060900624292636,0.0003305754306468989
200,0.0002983552320594234,0.002027241429979248,0.0002027241429979248,0.0005010793750573482,0.0003290891366539987
201,0.00031549218692816794,0.0022120895030509147,0.00022120895030509148,0.0005367011372332594,0.00032759974009654956
202,0.00038115599766440155,0.0022350404345031294,0.00022350404345031295,0.0006046600411147145,0.00032610729977337725
203,0.0003970766847487539,0.0019905567086035652,0.00019905567086035654,0.0005961323556091104,0.00032461187460347036
204,0.0003107528526535524,0.0019664065579750706,0.00019664065579750708,0.0005073935084510594,0.000323113523623654
205,0.00040026220917103013,0.002253893546627036,0.0002253893546627036,0.0006256515638337337,0.0003216123059862592
206,0.0002895568780201886,0.0019889843949515906,0.00019889843949515908,0.0004884553175153477,0.0003201082809567879
207,0.0006182281005229535,0.002150215324945748,0.0002150215324945748,0.0008332496330175284,0.00031860150791157283
208,0.0002925264769666163,0.002052408626436123,0.0002052408626436123,0.0004977673396102286,0.0003170920463354339
209,0.0004360331451087924,0.0020281810679339935,0.00020281810679339935,0.0006388512519021918,0.0003155799558193294
210,0.00038804659353835244,0.0021313731226005723,0.00021313731226005724,0.0006011839057984097,0.00031406529605800405
211,0.0003224062924605927,0.0020673965170447317,0.00020673965170447318,0.0005291459441650659,0.0003125481268476314
212,0.0003153873632462429,0.00221733923535794,0.00022173392353579404,0.0005371212867820369,0.00031102850808345436
213,0.0002816735962239493,0.0022607451703931603,0.00022607451703931603,0.0005077481132632653,0.00030950649975741956
214,0.0003020838963233733,0.0021228258764105184,0.00021228258764105187,0.0005143664839644252,0.0003079821619558096
215,0.00025695442205428014,0.0020926666745383826,0.00020926666745383826,0.0004662210895081184,0.0003064555548568708
216,0.0002774150239669585,0.002106502851737397,0.0002106502851737397,0.0004880653091406982,0.0003049267387284376
217,0.0003562824131222442,0.0021252462341051015,0.00021252462341051016,0.0005688070365327543,0.00030339577392555285
218,0.00028108373330074495,0.002158052021903651,0.0002158052021903651,0.00049688893549111,0.00030186272088808557
219,0.0002722174654731394,0.0021608019347435664,0.00021608019347435666,0.0004882976589474961,0.00030032764013834476
220,0.0003532095787314964,0.0021151125796937515,0.00021151125796937517,0.0005647208367008716,0.0002987905922786898
221,0.00023720588797004893,0.0022767203128231423,0.00022767203128231425,0.0004648779192523632,0.00029725163798913847
222,0.0003921663238933044,0.002259191990430866,0.0002259191990430866,0.000618085522936391,0.00029571083802497095
223,0.0002716404851526022,0.0019582314998842776,0.00019582314998842776,0.00046746363514102993,0.0002941682532143316
224,0.0002891874215233007,0.0021991112069892032,0.00021991112069892033,0.000509098542222221,0.0002926239444558273
225,0.00031233093925818266,0.0020764388277062346,0.00020764388277062348,0.0005199748220288061,0.0002910779727161237
226,0.00024402054571380307,0.0020702860950093183,0.00020702860950093185,0.0004510491552147349,0.0002895303990275378
227,0.0003857112855517438,0.00237662107351103,0.000237662107351103,0.0006233733929028469,0.0002879812844856291
228,0.0002669786356688876,0.002176984612430845,0.00021769846124308453,0.00048467709691197213,0.00028643069024678714
229,0.0003003387526924988,0.0021085364444713506,0.00021085364444713508,0.0005111923971396338,0.0002848786775258174
230,0.00024247487557918897,0.002232136753653841,0.00022321367536538413,0.0004656885509445731,0.00028332530759352467
231,0.00031483124101734053,0.002048791036941111,0.00020487910369411112,0.0005197103447114517,0.00028177064177429406
232,0.00022685771598064872,0.002089176593082292,0.0002089176593082292,0.0004357753752888779,0.00028021474144367017
233,0.0003078834540376972,0.0022250802222905414,0.00022250802222905416,0.0005303914762667514,0.0002786576680259338
234,0.00033184877559376346,0.002056621580517718,0.0002056621580517718,0.0005375109336455353,0.00027709948299167747
235,0.00030986874064962776,0.0019328973555405224,0.00019328973555405226,0.0005031584762036801,0.0002755402478553782
236,0.0003649133265883263,0.0019729207851924002,0.00019729207851924003,0.0005622054051075663,0.00027398002417296946
237,0.0002832854650997823,0.0019418215295965119,0.0001941821529596512,0.00047746761805943347,0.0002724188735394106
238,0.000307512773101085,0.002134423769478287,0.0002134423769478287,0.0005209551500489138,0.00027085685758625546
239,0.00039145592225915086,0.0021881460810878445,0.00021881460810878447,0.0006102705303679353,0.0002692940379792193
240,0.00025439010434118766,0.0021685995327840957,0.00021685995327840957,0.00047125005761959723,0.0002677304764157444
241,0.00022571332478297075,0.0021304379416895764,0.00021304379416895765,0.0004387571189519284,0.0002661662346225638
242,0.00031810942164156586,0.0021042199971686515,0.00021042199971686517,0.0005285314213584311,0.0002646013743532652
243,0.00023794895345677754,0.002045681932941079,0.00020456819329410793,0.00044251714675088544,0.00026303595738585257
244,0.0002543984612982188,0.0020618874446621965,0.00020618874446621965,0.0004605872057644384,0.00026147004552030733
245,0.00023247633777957941,0.0020627022521304233,0.00020627022521304235,0.00043874656299262176,0.0002599037005761487
246,0.00028759409906342626,0.0019483296034325445,0.00019483296034325447,0.00048242705940668075,0.0002583369843899931
247,0.00021352254926958785,0.0022676201271159308,0.0002267620127115931,0.000440284561981181,0.0002567699588131128
248,0.0002785682611699615,0.0020867218928677695,0.00020867218928677695,0.00048724045045673843,0.00025520268570899447
249,0.0003938972814856762,0.0022608963107424124,0.00022608963107424124,0.0006199869125599175,0.0002536352269508966
250,0.00034830118862113783,0.002245649678765663,0.00022456496787656634,0.0005728661564977041,0.0002520676444194071
251,0.00027811398363805244,0.0020420558617583345,0.00020420558617583346,0.0004823195698138859,0.00025050000000000007
252,0.0003623762687701466,0.002361542927766485,0.00023615429277664852,0.0005985305615467951,0.0002489323555805931
253,0.00035715106475566117,0.001990809787197837,0.0001990809787197837,0.0005562320434754449,0.0002473647730491036
254,0.0002802849734767473,0.0021416704236928907,0.0002141670423692891,0.0004944520158460363,0.00024579731429100573
255,0.0003233732921736581,0.002340411933671151,0.00023404119336711512,0.0005574144855407732,0.0002442300411868874
256,0.00036599935265257955,0.0023264133903597084,0.00023264133903597086,0.0005986406916885504,0.0002426630156100071
257,0.00026439931181292716,0.0022595683611663325,0.00022595683611663326,0.0004903561479295605,0.00024109629942385143
258,0.00028399895589765426,0.0021173595783433746,0.00021173595783433746,0.0004957349137319917,0.0002395299544796929
259,0.00028769571508746594,0.002167897082732192,0.0002167897082732192,0.0005044854233606851,0.00023796404261414766
260,0.0002680666865282027,0.0020723899527053747,0.00020723899527053748,0.00047530568179874016,0.00023639862564673504
261,0.00035351336659264883,0.0021885058210630503,0.00021885058210630503,0.0005723639486989538,0.00023483376537743652
262,0.0003003643432748504,0.0021755218372813295,0.00021755218372813295,0.0005179165270029833,0.00023326952358425595
263,0.00028946510740622344,0.002238175066720162,0.00022381750667201623,0.0005132826140782396,0.00023170596202078093
264,0.0003067846576284085,0.0021123746908935054,0.00021123746908935056,0.000518022126717759,0.00023014314241374484
265,0.0002623635705926323,0.00221974025147834,0.000221974025147834,0.0004843375957404663,0.00022858112646058975
266,0.00023035043808964213,0.002093386054704232,0.00020933860547042322,0.00043968904356006533,0.00022701997582703085
267,0.00031951743377638716,0.0020208265798698577,0.00020208265798698577,0.0005216000917633729,0.00022545975214462207
268,0.0002064274688434255,0.002000895079358348,0.0002000895079358348,0.00040651697677926034,0.0002239005170083228
269,0.00024414850382267365,0.0020614262237878783,0.00020614262237878784,0.0004502911262014615,0.00022234233197406648
270,0.00017702292721618766,0.002270403351368649,0.0002270403351368649,0.00040406326235305256,0.00022078525855633022
271,0.00019946339723121907,0.0022780594881623983,0.00022780594881623986,0.0004272693460474589,0.0002192293582257063
272,0.00028940212048058,0.00228709980313267,0.000228709980313267,0.000518112100793847,0.0002176746924064757
273,0.0002125582520550649,0.002275074931925961,0.0002275074931925961,0.000440065745247661,0.000216121322474183
274,0.00027239322038700005,0.0020500911632552743,0.00020500911632552745,0.00047740233671252747,0.00021456930975321324
275,0.0002514313455321826,0.0020615258420418415,0.00020615258420418416,0.0004575839297363668,0.00021301871551437126
276,0.00028534959294899764,0.0021642243788976756,0.00021642243788976757,0.0005017720308387652,0.00021146960097246257
277,0.00023874839514194588,0.002050931947971029,0.00020509319479710292,0.00044384158993904883,0.0002099220272838767
278,0.0001857280024393861,0.0021580555309940663,0.00021580555309940665,0.00040153355553879274,0.00020837605554417307
279,0.0002209459780715406,0.0023140054462211473,0.00023140054462211475,0.00045234652269365535,0.00020683174678566883
280,0.00025608193183351044,0.0022528996591323187,0.00022528996591323188,0.0004813718977467423,0.0002052891619750294
281,0.00023060905784534822,0.0020479535118543674,0.00020479535118543676,0.00043540440903078496,0.00020374836201086187
282,0.000212033477769832,0.0021946783111031565,0.00021946783111031565,0.00043150130888014763,0.00020220940772131059
283,0.000363876176249635,0.0019820944289676845,0.00019820944289676847,0.0005620856191464035,0.00020067235986165563
284,0.0002741414064075798,0.002034536562860012,0.00020345365628600122,0.000477595062693581,0.0001991372791119147
285,0.00020671713822853884,0.002111181084598814,0.0002111181084598814,0.0004178352466884202,0.0001976042260744475
286,0.0002564682300934302,0.0019365429429204337,0.00019365429429204337,0.0004501225243854736,0.00019607326127156277
287,0.0002536779304916438,0.0019549505377653986,0.00019549505377653987,0.0004491729842681837,0.0001945444451431295
288,0.0003064754606124812,0.0019728162276026395,0.00019728162276026395,0.0005037570833727452,0.0001930178380441908
289,0.0003533972007322258,0.0020297273128692594,0.00020297273128692595,0.0005563699320191518,0.0001914935002425808
290,0.00024597801010323953,0.0019405412354639598,0.000194054123546396,0.00044003213364963555,0.00018997149191654595
291,0.00029274676489876583,0.0021988442999177744,0.00021988442999177745,0.0005126311948905433,0.0001884518731523689
292,0.0003003094420169613,0.002060923376120627,0.00020609233761206271,0.000506401779629024,0.0001869347039419963
293,0.00020522568930963253,0.0022675776854157448,0.0002267577685415745,0.000431983457851207,0.00018542004418067084
294,0.00026428404505298076,0.0021977767547858612,0.00021977767547858614,0.0004840617205315669,0.00018390795366456645
295,0.0002052844231781949,0.002040142526051828,0.0002040142526051828,0.0004092986757833777,0.00018239849208842742
296,0.0002615293529483357,0.002070508281966405,0.00020705082819664052,0.0004685801811449762,0.00018089171904321237
297,0.000270005788479466,0.002142236617925976,0.00021422366179259762,0.00048422945027206364,0.00017938769401374107
298,0.0005037270353308745,0.0021323253999331166,0.00021323253999331167,0.0007169595753241862,0.00017788647637634629
299,0.00025428679301902387,0.0020693022358630386,0.00020693022358630388,0.0004612170166053278,0.00017638812539652986
300,0.0002643503259085784,0.001922568356219147,0.0001922568356219147,0.0004566071615304931,0.00017489270022662303
301,0.00027943119909780634,0.0020684777825538602,0.00020684777825538605,0.0004862789773531924,0.00017340025990345074
302,0.00023601627617608756,0.0021715418801509906,0.00021715418801509907,0.0004531704641911866,0.00017191086334600157
303,0.000276012096687087,0.002050485079442816,0.0002050485079442816,0.0004810606046313686,0.00017042456935310136
304,0.0002204608650312626,0.0021649827249348164,0.00021649827249348164,0.0004369591375247442,0.00016894143660109198
305,0.0002486559096723795,0.002178339204484863,0.00021783392044848632,0.0004664898301208658,0.00016746152364151496
306,0.00022999247240867198,0.0020953330510695067,0.0002095333051069507,0.0004395257775156227,0.0001659848888987999
307,0.0002035480372017316,0.002064397724877511,0.0002064397724877511,0.0004099878096894827,0.0001645115906679581
308,0.00023875842452980578,0.0020420492427157505,0.00020420492427157506,0.00044296334880138084,0.00016304168711228097
309,0.00027427497427977087,0.002142061961681715,0.0002142061961681715,0.0004884811704479424,0.00016157523626104408
310,0.00026569809207493175,0.0020358608037765536,0.00020358608037765536,0.0004692841724525871,0.00016011229600721596
311,0.0002824327717202583,0.0019602957015324917,0.00019602957015324917,0.00047846234187350745,0.00015865292410517296
312,0.0002513174549676478,0.0021301566323797616,0.00021301566323797617,0.00046433311820562393,0.00015719717816841894
313,0.0002134711477473112,0.0023059757492904153,0.00023059757492904155,0.0004440687226763527,0.00015574511566731074
314,0.00023988224919386475,0.0019262282585259527,0.00019262282585259528,0.00043250507504646006,0.00015429679392678968
315,0.00023637148115085438,0.002235023188404739,0.0002235023188404739,0.00045987379999132825,0.00015285227012411815
316,0.0002100553288723209,0.00216126924247614,0.000216126924247614,0.0004261822531199349,0.0001514116012866223
317,0.0002071124067047744,0.0019280994893051684,0.00019280994893051685,0.0003999223556352912,0.00014997484428944127
318,0.0001942327352091005,0.0019221844517492823,0.00019221844517492825,0.00038645118038402874,0.00014854205585328105
319,0.0002826459635148889,0.0021365744095029576,0.00021365744095029577,0.0004963034044651847,0.00014711329254217572
320,0.00024005063356266225,0.0022264932548361166,0.00022264932548361166,0.00046269995904627394,0.00014568861076125444
321,0.0003014482998488737,0.0022420768260157536,0.00022420768260157536,0.0005256559824504491,0.00014426806675451448
322,0.0002687506941063995,0.0022280637973121236,0.00022280637973121238,0.0004915570738376119,0.0001428517166026009
323,0.00018269796731016998,0.0021795174605878337,0.00021795174605878338,0.00040064971336895337,0.00014143961622059241
324,0.00026773792550167333,0.0022260737771700534,0.00022260737771700534,0.0004903453032186787,0.00014003182135579424
325,0.00016995470442842425,0.0021593187869127306,0.00021593187869127308,0.00038588658311969733,0.0001386283875855371
326,0.00030394273822561705,0.0021838193892368247,0.00021838193892368248,0.0005223246771492995,0.00013722937031498318
327,0.00020945055751196508,0.0023250788882640855,0.00023250788882640857,0.00044195844633837365,0.0001358348247749389
328,0.00022023055394778827,0.00218148687521794,0.000218148687521794,0.0004383792414695823,0.00013444480601967424
329,0.00018239745155109892,0.0019455173834493117,0.00019455173834493118,0.0003769491898960301,0.0001330593689247497
330,0.00021688148782621802,0.0021603920363954137,0.00021603920363954138,0.0004329206914657594,0.00013167856818484925
331,0.0002887433178589812,0.002430646015065057,0.0002430646015065057,0.000531807919365487,0.0001303024583116222
332,0.000219187875440444,0.0021580688189715147,0.00021580688189715147,0.0004349947573375955,0.0001289310936315297
333,0.00036359051383832205,0.0020018339190366013,0.00020018339190366015,0.0005637739057419822,0.00012756452828370128
334,0.00015652516490912864,0.002222518852379705,0.00022225188523797052,0.00037877705014709916,0.00012620281621779714
335,0.00043893675215908194,0.002428320951626769,0.0002428320951626769,0.0006817688473217589,0.00012484601119187776
336,0.0002965468801059095,0.002050036298377173,0.00020500362983771732,0.0005015505099436268,0.00012349416677028243
337,0.00018054575359980975,0.0019669278990477324,0.00019669278990477326,0.00037723854350458304,0.0001221473363215142
338,0.00023824779158790728,0.0022288188005664517,0.00022288188005664518,0.0004611296716445525,0.00012080557301613313
339,0.00022923847427591681,0.0019408626747982843,0.00019408626747982843,0.00042332474175574525,0.00011946892982465677
340,0.0002870760446447613,0.0022230984011132804,0.00022230984011132804,0.0005093858847560894,0.00011813745951546998
341,0.0002201713640325969,0.002163933723100594,0.0002163933723100594,0.0004365647363426563,0.00011681121465274046
342,0.0001900801798910834,0.0021614377120775835,0.00021614377120775837,0.00040622395109884176,0.00011549024759434457
343,0.0002515458992482828,0.002085723132560296,0.0002085723132560296,0.0004601182125043124,0.00011417461048979996
344,0.0002569073362142912,0.001955217058171651,0.00019552170581716512,0.0004524290420314563,0.00011286435527820675
345,0.00028283679109465865,0.0021800121092902763,0.00021800121092902764,0.0005008380020236863,0.00011155953368619716
346,0.00019022871960519945,0.002014345905211355,0.0002014345905211355,0.000391663310126335,0.00011026019722589347
347,0.0002331222058273852,0.0022012652729504873,0.00022012652729504873,0.0004532487331224339,0.00010896639719287439
348,0.00017080736974354034,0.002090053050778806,0.00020900530507788064,0.00037981267482142095,0.00010767818466414962
349,0.00024587814550613984,0.0021018548369673745,0.00021018548369673747,0.00045606362920287734,0.00010639561049614436
350,0.00048653596188939573,0.002317669053029801,0.00023176690530298013,0.0007183028671923758,0.00010511872532269037
351,0.0003141754080258709,0.002317616799181061,0.00023176167991810612,0.000545937087943977,0.00010384757955302807
352,0.00020157422217640227,0.001977712947076985,0.0001977712947076985,0.0003993455168841008,0.00010258222336981581
353,0.00017847536582848988,0.0021042217600292395,0.00021042217600292397,0.00038889754183141386,0.00010132270672714922
354,0.00024297893209482675,0.0019334728546839739,0.0001933472854683974,0.0004363262175632242,0.00010006907934858839
355,0.0002040734585274809,0.0021064417669549584,0.00021064417669549587,0.00041471763522297675,9.882139072519601e-05
356,0.0002121814904967323,0.0019419427179465337,0.00019419427179465337,0.00040637576229138567,9.75796901135825e-05
357,0.00019549029925006574,0.002156319811807147,0.0002156319811807147,0.00041112228043078047,9.63440265339616e-05
358,0.00036008857672901025,0.002292690915055573,0.0002292690915055573,0.0005893576682345675,9.511444876821604e-05
359,0.00017431466923361377,0.0021761670608871748,0.00021761670608871748,0.00039193137532233125,9.389100535797029e-05
360,0.00015155003971553275,0.002154749385746462,0.00021547493857464623,0.000367024978290179,9.267374460267551e-05
361,0.0002349382983603781,0.0019840347563980947,0.00019840347563980948,0.0004333417740001876,9.146271455770196e-05
362,0.0002865365022444166,0.0023210603145084213,0.00023210603145084214,0.0005186425336952587,9.025796303244233e-05
363,0.00019003833274057667,0.0022398668308077113,0.00022398668308077114,0.0004140250158213478,8.905953758842366e-05
364,0.00016406133675315817,0.0021439674476693782,0.00021439674476693784,0.00037845808152009604,8.786748553743077e-05
365,0.00018002962834933505,0.0021663125205252853,0.00021663125205252854,0.00039666088040186357,8.668185393963746e-05
366,0.0002444420679239556,0.0023342695120455964,0.00023342695120455966,0.0004778690191285153,8.550268960174887e-05
367,0.00021805605709752335,0.0020557188129584703,0.00020557188129584705,0.0004236279383933704,8.433003907515429e-05
368,0.0001910803039208986,0.0019587207352742553,0.00019587207352742553,0.0003869523774483241,8.31639486540884e-05
369,0.0002247824616331075,0.002138072142510542,0.0002138072142510542,0.0004385896758841617,8.200446437380445e-05
370,0.00013782141520225975,0.0020253385550209452,0.00020253385550209453,0.0003403552707043543,8.085163200875645e-05
371,0.00015709745015815964,0.0020663367384778602,0.00020663367384778604,0.00036373112400594565,7.970549707079229e-05
372,0.0001908429278825809,0.002148514912862863,0.0002148514912862863,0.0004056944191688672,7.856610480735658e-05
373,0.0001555613842875963,0.0021188900905794333,0.00021188900905794335,0.00036745039334553964,7.743350019970525e-05
374,0.00013317329285200685,0.0022332489024847746,0.00022332489024847748,0.00035649818310048433,7.630772796112866e-05
375,0.00018989106216135303,0.002042110693374915,0.00020421106933749152,0.00039410213149884454,7.518883253518712e-05
376,0.00016909411871373386,0.002283828382912491,0.00022838283829124912,0.000397476957004983,7.407685809395646e-05
377,0.00016809517858616476,0.0021498320690755334,0.00021498320690755334,0.00038307838549371813,7.297184853628336e-05
378,0.00020050576962863227,0.0022376171379749265,0.00022376171379749266,0.00042426748342612496,7.187384748605316e-05
379,0.00019167384432096566,0.002019776197682534,0.00020197761976825342,0.00039365146408921906,7.078289829046727e-05
380,0.0001850664765307946,0.0020269820732729776,0.00020269820732729776,0.00038776468385809236,6.969904401833195e-05
381,0.0001648922635857681,0.0019543239946610163,0.00019543239946610163,0.00036032466305186973,6.862232745835783e-05
382,0.0001761977733362333,0.002080241800285876,0.0002080241800285876,0.0003842219533648209,6.755279111747136e-05
383,0.00020730884300844212,0.0022908622631803155,0.00022908622631803157,0.0004363950693264737,6.649047721913566e-05
384,0.00016676574575415413,0.002150847709604672,0.0002150847709604672,0.0003818505167146213,6.543542770168463e-05
385,0.00021371148925806795,0.002091472619213164,0.0002091472619213164,0.00042285875117938434,6.438768421666659e-05
386,0.00019934987774052258,0.0019270327216612973,0.00019270327216612974,0.0003920531499066523,6.334728812720036e-05
387,0.0001789599149820528,0.0020631467424599187,0.0002063146742459919,0.0003852745892280447,6.231428050634211e-05
388,0.0001728980922572581,0.002161422129055219,0.00021614221290552189,0.00038904030516278,6.128870213546392e-05
389,0.0001560015682896067,0.002287545773599829,0.00022875457735998291,0.0003847561456495896,6.027059350264383e-05
390,0.0002978129029673125,0.00226215339664902,0.000226215339664902,0.0005240282426322145,5.925999480106721e-05
391,0.00017908366031146476,0.0022648921169872794,0.00022648921169872796,0.0004055728720101927,5.825694592744063e-05
392,0.0002408569333575932,0.0021573783763285193,0.00021573783763285194,0.00045659477099044515,5.7261486480415955e-05
393,0.0001910543516195113,0.0019502402699020291,0.00019502402699020293,0.0003860783786097142,5.6273655759027694e-05
394,0.00017884044895514047,0.002060642831825784,0.00020606428318257843,0.00038490473213771887,5.5293492761141285e-05
395,0.00017321280652790198,0.0021659678812803967,0.0002165967881280397,0.00038980959465594164,5.432103618191368e-05
396,0.00031486198089883795,0.002367231246483113,0.0002367231246483113,0.0005515851055471492,5.3356324412265255e-05
397,0.00019524726875325932,0.002175672511969294,0.00021756725119692939,0.0004128145199501887,5.2399395537365086e-05
398,0.00022620704632052884,0.0021427198911884,0.00021427198911884,0.00044047903543936886,5.145028733512658e-05
399,0.00015629505443419994,0.0020102250522800852,0.00020102250522800855,0.0003573175596622085,5.0509037274716266e-05
400,0.0001914450279270698,0.0019224361541481422,0.00019224361541481422,0.00038368864334188403,4.95756825150751e-05
401,0.00020710414641403725,0.0020461572400693384,0.00020461572400693384,0.0004117198704209711,4.865025990345065e-05
402,0.0001890572810745133,0.0022689777792298366,0.00022689777792298367,0.00041595505899749696,4.773280597394308e-05
403,0.00016145516253475632,0.0020293611201590727,0.0002029361120159073,0.0003643912745506636,4.682335694606263e-05
404,0.00015472284264563183,0.0020220361018021193,0.00020220361018021194,0.0003569264528258438,4.592194872329971e-05
405,0.00014594065370537073,0.002231638945106949,0.00022316389451069492,0.0003691045482160656,4.502861689170737e-05
406,0.00019383954765674259,0.002202384123977806,0.0002202384123977806,0.0004140779600545232,4.4143396718496874e-05
407,0.0002540699102350378,0.0020459010265767574,0.00020459010265767575,0.00045866001289271354,4.326632315064479e-05
408,0.00018820409500871653,0.002294353043128337,0.00022943530431283372,0.00041763939932155025,4.239743081351377e-05
409,0.00016502147783674964,0.002036668110771903,0.00020366681107719033,0.00036868828891393996,4.1536754009485684e-05
410,0.00019752912235812152,0.0019530334642955235,0.00019530334642955236,0.0003928324687876739,4.0684326716606845e-05
411,0.00017246226863270358,0.002241268055513501,0.00022412680555135013,0.0003965890741840537,3.9840182587247254e-05
412,0.00019394327059022283,0.0020841491974091957,0.00020841491974091957,0.0004023581903311424,3.9004354946771744e-05
413,0.00021011375273311778,0.0020375308979834828,0.0002037530897983483,0.0004138668425314661,3.817687679222446e-05
414,0.0001608023261984012,0.0019285669633453445,0.00019285669633453445,0.0003536590225329357,3.735778079102584e-05
415,0.00018333519775686518,0.002246568860885288,0.0002246568860885288,0.000407992083845394,3.654709927968381e-05
416,0.00025210180319845676,0.0020784292968788315,0.00020784292968788318,0.00045994473288633994,3.5744864262516095e-05
417,0.00014993573963043412,0.0021611710378367987,0.00021611710378367988,0.000366052843414114,3.495110741038755e-05
418,0.00020045447984427613,0.002271974093413779,0.0002271974093413779,0.00042765188918565406,3.416586005945974e-05
419,0.0001943742494664288,0.0021839377836191227,0.00021839377836191227,0.0004127680278283411,3.3389153209953345e-05
420,0.0002442214671256287,0.00219171929971448,0.00021917192997144804,0.0004633933970970767,3.262101752492493e-05
421,0.00023845533100289425,0.002148924328918968,0.0002148924328918968,0.00045334776389479106,3.1861483329056044e-05
422,0.00018943731889261732,0.0019542986493823783,0.00019542986493823784,0.00038486718383085516,3.1110580607456256e-05
423,0.0001704287954323393,0.0022300510900095105,0.00022300510900095106,0.00039343390443329036,3.0368339004479136e-05
424,0.00018124264118211743,0.002037377263020192,0.0002037377263020192,0.00038498036748413664,2.963478782255245e-05
425,0.0002079370803715262,0.002134174673951098,0.00021341746739510982,0.000421354547766636,2.890995602102066e-05
426,0.00020081095031595657,0.0020672467570485814,0.00020672467570485815,0.0004075356260208147,2.8193872215002246e-05
427,0.00013356706923722022,0.002156781731173396,0.00021567817311733963,0.00034924524235455985,2.7486564674259697e-05
428,0.00025601681720997604,0.0020688614708238412,0.00020688614708238412,0.00046290296429236016,2.6788061322083657e-05
429,0.000148811872350052,0.0021816835838503073,0.00021816835838503075,0.0003669802307350828,2.6098389734190426e-05
430,0.0001843957881127218,0.001973702073363321,0.00019737020733633212,0.0003817659954490539,2.54175771376334e-05
431,0.00019670750979068025,0.0019340944958717696,0.00019340944958717697,0.00039011695937785724,2.474565040972818e-05
432,0.0002024927723271373,0.002124115192730512,0.0002124115192730512,0.0004149042916001885,2.4082636076991318e-05
433,0.00020031723917262361,0.0021166351923186865,0.00021166351923186866,0.00041198075840449225,2.342856031409359e-05
434,0.00017092627552171637,0.002125979617371091,0.0002125979617371091,0.0003835242372588255,2.278344894282607e-05
435,0.00019163474956128214,0.0021184453507885337,0.0002118445350788534,0.00040347928464013556,2.2147327431081082e-05
436,0.00022770941723138094,0.002218601426907948,0.0002218601426907948,0.0004495695599221757,2.1520220891846712e-05
437,0.00020411878774341728,0.0021684967463703026,0.00021684967463703026,0.00042096846238044754,2.0902154082215402e-05
438,0.0001981214081752114,0.0020036231393792798,0.000200362313937928,0.0003984837221131394,2.0293151402406343e-05
439,0.0002005154372974565,0.0020268309828160064,0.00020268309828160066,0.00040319853557905713,1.9693236894802697e-05
440,0.00016636018907385214,0.0022151372894378646,0.00022151372894378647,0.00038787391801763864,1.910243424300202e-05
441,0.00014103711977700835,0.002146739712251084,0.00021467397122510842,0.00035571109100211674,1.8520766770881268e-05
442,0.00012637454606842117,0.002047816989943385,0.00020478169899433853,0.0003311562450627597,1.7948257441676373e-05
443,0.0001785433217134726,0.0020678621450705187,0.0002067862145070519,0.0003853295362205245,1.7384928857075306e-05
444,0.00026854369830938855,0.0022211834355922683,0.00022211834355922685,0.0004906620418686153,1.683080325632603e-05
445,0.00014911334022014801,0.002222578739747405,0.00022225787397474052,0.0003713712141948885,1.6285902515358425e-05
446,0.0001841868891330835,0.0021204576727801134,0.00021204576727801134,0.00039623265641109486,1.575024814592078e-05
447,0.00020277851477398405,0.0021731011968638215,0.00021731011968638216,0.0004200886344603662,1.5223861294730305e-05
448,0.0002289669937454164,0.002181668350073908,0.0002181668350073908,0.0004471338287528072,1.470676274263873e-05
449,0.00018394363204216852,0.002027529857254454,0.00020275298572544544,0.00038669661776761393,1.4198972903811318e-05
450,0.00016533917109232528,0.002142586429337306,0.0002142586429337306,0.0003795978140260559,1.3700511824921475e-05
451,0.00032079677891618175,0.002259631092394037,0.00022596310923940371,0.0005467598881555855,1.3211399184359199e-05
452,0.00019502624387054572,0.0019496716309471854,0.00019496716309471855,0.00038999340696526427,1.2731654291453927e-05
453,0.00021842392327796136,0.002175462482097958,0.0002175462482097958,0.0004359701714877572,1.2261296085712587e-05
454,0.00028605902376252094,0.0019714514824694823,0.00019714514824694824,0.00048320417200946916,1.1800343136071781e-05
455,0.00015111518275391842,0.001960856607183814,0.0001960856607183814,0.0003472008434722998,1.1348813640164731e-05
456,0.00015632680047669316,0.002287771735739495,0.0002287771735739495,0.0003851039740506427,1.0906725423602707e-05
457,0.0002098952203855983,0.0019508093370989496,0.00019508093370989497,0.00040497615409549324,1.047409593927159e-05
458,0.00016081234415261342,0.0021578456674303326,0.00021578456674303326,0.00037659691089564665,1.0050942266642577e-05
459,0.0001752630539288345,0.0020542697914476904,0.00020542697914476904,0.0003806900330736036,9.637281111098168e-06
460,0.0001690366376091593,0.0020413434831425548,0.0002041343483142555,0.0003731709859234148,9.233128803272469e-06
461,0.0001626332097138012,0.0021749044369374004,0.00021749044369374004,0.00038012365340754124,8.838501298406547e-06
462,0.00018905064436174662,0.002156713245702641,0.00021567132457026413,0.0004047219689320107,8.453414175718604e-06
463,0.0001523991605998682,0.0020315154023202403,0.00020315154023202404,0.00035555070083189224,8.077882637788845e-06
464,0.0002084430307149887,0.002034397779165634,0.00020343977791656344,0.00041188280863155215,7.711921509959436e-06
465,0.0001760259235327664,0.0020653487549030353,0.00020653487549030354,0.0003825607990230699,7.355545239748981e-06
466,0.0001841305399596292,0.002122257902686085,0.0002122257902686085,0.0003963563302282377,7.008767896282544e-06
467,0.0001672081115040263,0.0020527157799473832,0.00020527157799473834,0.0003724796894987646,6.6716031697357275e-06
468,0.00021584077330771834,0.0021661344217136502,0.00021661344217136503,0.00043245421547908334,6.34406437079472e-06
469,0.00019553245718790485,0.0019208473386242986,0.00019208473386242986,0.0003876171910503347,6.026164430130409e-06
470,0.00022154090194297687,0.002211593390841569,0.00022115933908415693,0.00044270024102713377,5.7179158978881745e-06
471,0.00016973272119815062,0.002250835282861122,0.00022508352828611223,0.0003948162494842629,5.4193309431921656e-06
472,0.00021287608667210276,0.0020925369213468264,0.00020925369213468264,0.0004221297788067854,5.130421353665235e-06
473,0.00014163954100305482,0.0020233424646513803,0.00020233424646513804,0.0003439737874681929,4.851198534963271e-06
474,0.000188241466405868,0.0020183666908581343,0.00020183666908581344,0.00039007813549168143,4.581673510324988e-06
475,0.00020362333244910196,0.0021417602796905805,0.00021417602796905806,0.00041779936041816,4.321856920136926e-06
476,0.00013179619210339815,0.0021990431539182153,0.00021990431539182153,0.0003517005074952197,4.0717590215131555e-06
477,0.00023636017535214445,0.002248873609849917,0.00022488736098499169,0.00046124753633713613,3.831389687890471e-06
478,0.00016041979376625801,0.0021424083970487118,0.00021424083970487118,0.0003746606334711292,3.6007584086385936e-06
479,0.00022771314771879197,0.0020645494971956524,0.00020645494971956526,0.00043416809743835726,3.3798742886855304e-06
480,0.0002482491056850579,0.0020540222924734864,0.00020540222924734865,0.0004536513349324066,3.168746048158108e-06
481,0.00015579567843815312,0.0023689171565430506,0.00023689171565430506,0.0003926873940924582,2.9673820220377997e-06
482,0.0002292980082399611,0.002153948647901416,0.0002153948647901416,0.0004446928730301027,2.775790159831512e-06
483,0.00016224433524517475,0.0021280734966109905,0.00021280734966109906,0.0003750516849062738,2.5939780252579074e-06
484,0.0001432511947184269,0.0020326489715703894,0.00020326489715703896,0.00034651609187546584,2.4219527959487703e-06
485,0.0001832389150097567,0.002340359679822411,0.00023403596798224108,0.0004172748829919978,2.259721263165608e-06
486,0.00014520564997967864,0.0021269412578216623,0.00021269412578216624,0.0003578997757618449,2.107289831531542e-06
487,0.00030800423389467014,0.0022271792736968826,0.00022271792736968827,0.0005307221612643584,1.964664518778461e-06
488,0.0003055325848565969,0.002288979760903333,0.0002288979760903333,0.0005344305609469302,1.8318509555095484e-06
489,0.0005879545205971226,0.0023093534068071415,0.00023093534068071415,0.0008188898612778368,1.708854384976824e-06
490,0.000196255899416948,0.002176181147141116,0.0002176181147141116,0.0004138740141310596,1.5956796628743065e-06
491,0.00016552876747612442,0.0021482258369880064,0.00021482258369880065,0.0003803513511749251,1.4923312571462465e-06
492,0.00010994253742475329,0.002106722361142082,0.00021067223611420823,0.0003206147735389615,1.3988132478107324e-06
493,0.0002046011172101966,0.0021822714645947728,0.0002182271464594773,0.00042282826366967386,1.3151293267986422e-06
494,0.00019345028496380628,0.001954783860128373,0.0001954783860128373,0.0003889286709766436,1.2412827978078859e-06
495,0.0005310523629304953,0.0020292862567917575,0.00020292862567917577,0.0007339809886096711,1.1772765761729937e-06
496,0.00016176468696877628,0.0021345484003956828,0.00021345484003956828,0.00037521952700834456,1.123113188749966e-06
497,0.00019316197930103435,0.0021997327483924372,0.00021997327483924375,0.00041313525414027807,1.078794773816665e-06
498,0.00022289154523085536,0.0020662753543417367,0.0002066275354341737,0.0004295190806650291,1.0443230809881632e-06
499,0.00018283495904012983,0.0020405089848541786,0.00020405089848541787,0.0003868858575255477,1.0196994711478801e-06
500,0.00016829802500849058,0.0024176587051312837,0.0002417658705131284,0.000410063895521619,1.0049249163937897e-06
