Run ID,Timestamp,Raw Accel File,Alpha (a),DI,Classification,File Naming Convention,Ground Truth Notes
R001,2026-07-15 02:30:03,R001_Floor4_None-NoneBaseline.csv,0.9948,5.0953,CRITICAL,R001_Floor4_None-NoneBaseline.csv,Baseline; Sensor at Floor 4; Damage: None (None (Baseline)); Excitation: constant (see Excitation Params)
R002,2026-07-15 02:31:11,R002_Floor4_None-NoneBaseline.csv,0.9947,6.4692,CRITICAL,R002_Floor4_None-NoneBaseline.csv,Baseline; Sensor at Floor 4; Damage: None (None (Baseline)); Excitation: constant (see Excitation Params)
R003,2026-07-15 02:32:18,R003_Floor4_None-NoneBaseline.csv,0.9964,5.7283,CRITICAL,R003_Floor4_None-NoneBaseline.csv,Baseline; Sensor at Floor 4; Damage: None (None (Baseline)); Excitation: constant (see Excitation Params)
R004,2026-07-15 03:42:29,R004_Floor4_Floor1-Light.csv,0.9968,5.5995,CRITICAL,R004_Floor4_Floor1-Light.csv,Progressive - Single Floor; Sensor at Floor 4; Damage: Floor 1 (Light); Excitation: constant (see Excitation Params)
R005,2026-07-15 03:43:36,R005_Floor4_Floor1-Light.csv,0.9994,4.5007,WARNING,R005_Floor4_Floor1-Light.csv,Progressive - Single Floor; Sensor at Floor 4; Damage: Floor 1 (Light); Excitation: constant (see Excitation Params)
R006,2026-07-15 03:44:44,R006_Floor4_Floor1-Light.csv,0.9991,5.3538,CRITICAL,R006_Floor4_Floor1-Light.csv,Progressive - Single Floor; Sensor at Floor 4; Damage: Floor 1 (Light); Excitation: constant (see Excitation Params)
R007,2026-07-15 03:48:35,R007_Floor4_Floor1-Moderate.csv,0.9991,6.3598,CRITICAL,R007_Floor4_Floor1-Moderate.csv,Progressive - Single Floor; Sensor at Floor 4; Damage: Floor 1 (Moderate); Excitation: constant (see Excitation Params)
R008,2026-07-15 03:49:43,R008_Floor4_Floor1-Moderate.csv,0.9997,5.5094,CRITICAL,R008_Floor4_Floor1-Moderate.csv,Progressive - Single Floor; Sensor at Floor 4; Damage: Floor 1 (Moderate); Excitation: constant (see Excitation Params)
R009,2026-07-15 03:50:50,R009_Floor4_Floor1-Moderate.csv,0.9992,6.4520,CRITICAL,R009_Floor4_Floor1-Moderate.csv,Progressive - Single Floor; Sensor at Floor 4; Damage: Floor 1 (Moderate); Excitation: constant (see Excitation Params)
R010,2026-07-15 03:51:54,R010_Floor4_Floor1-Severe.csv,0.9983,5.9519,CRITICAL,R010_Floor4_Floor1-Severe.csv,Progressive - Single Floor; Sensor at Floor 4; Damage: Floor 1 (Severe); Excitation: constant (see Excitation Params)
R011,2026-07-15 03:53:01,R011_Floor4_Floor1-Severe.csv,0.9986,5.9654,CRITICAL,R011_Floor4_Floor1-Severe.csv,Progressive - Single Floor; Sensor at Floor 4; Damage: Floor 1 (Severe); Excitation: constant (see Excitation Params)
R012,2026-07-15 03:54:09,R012_Floor4_Floor1-Severe.csv,0.9993,5.1401,CRITICAL,R012_Floor4_Floor1-Severe.csv,Progressive - Single Floor; Sensor at Floor 4; Damage: Floor 1 (Severe); Excitation: constant (see Excitation Params)
R013,2026-07-15 02:40:05,R013_Floor4_Floor2-Light.csv,0.9952,5.9285,CRITICAL,R013_Floor4_Floor2-Light.csv,Progressive - Single Floor; Sensor at Floor 4; Damage: Floor 2 (Light); Excitation: constant (see Excitation Params)
R014,2026-07-15 02:41:13,R014_Floor4_Floor2-Light.csv,0.9964,5.5065,CRITICAL,R014_Floor4_Floor2-Light.csv,Progressive - Single Floor; Sensor at Floor 4; Damage: Floor 2 (Light); Excitation: constant (see Excitation Params)
R015,2026-07-15 02:42:21,R015_Floor4_Floor2-Light.csv,0.9954,5.7215,CRITICAL,R015_Floor4_Floor2-Light.csv,Progressive - Single Floor; Sensor at Floor 4; Damage: Floor 2 (Light); Excitation: constant (see Excitation Params)
R016,2026-07-15 02:52:20,R016_Floor4_Floor2-Moderate.csv,0.9967,4.3080,WARNING,R016_Floor4_Floor2-Moderate.csv,Progressive - Single Floor; Sensor at Floor 4; Damage: Floor 2 (Moderate); Excitation: constant (see Excitation Params)
R017,2026-07-15 02:53:28,R017_Floor4_Floor2-Moderate.csv,0.9954,5.1674,CRITICAL,R017_Floor4_Floor2-Moderate.csv,Progressive - Single Floor; Sensor at Floor 4; Damage: Floor 2 (Moderate); Excitation: constant (see Excitation Params)
R018,2026-07-15 02:54:35,R018_Floor4_Floor2-Moderate.csv,0.9955,4.6576,WARNING,R018_Floor4_Floor2-Moderate.csv,Progressive - Single Floor; Sensor at Floor 4; Damage: Floor 2 (Moderate); Excitation: constant (see Excitation Params)
R019,2026-07-15 03:02:25,R019_Floor4_Floor2-Severe.csv,0.9967,6.4192,CRITICAL,R019_Floor4_Floor2-Severe.csv,Progressive - Single Floor; Sensor at Floor 4; Damage: Floor 2 (Severe); Excitation: constant (see Excitation Params)
R020,2026-07-15 03:02:26,R020_Floor4_Floor2-Severe.csv,0.9976,5.6964,CRITICAL,R020_Floor4_Floor2-Severe.csv,Progressive - Single Floor; Sensor at Floor 4; Damage: Floor 2 (Severe); Excitation: constant (see Excitation Params)
R021,2026-07-15 03:00:32,R021_Floor4_Floor2-Severe.csv,0.9967,5.6996,CRITICAL,R021_Floor4_Floor2-Severe.csv,Progressive - Single Floor; Sensor at Floor 4; Damage: Floor 2 (Severe); Excitation: constant (see Excitation Params)
R022,2026-07-15 03:06:56,R022_Floor4_Floor3-Light.csv,0.9951,6.2001,CRITICAL,R022_Floor4_Floor3-Light.csv,Progressive - Single Floor; Sensor at Floor 4; Damage: Floor 3 (Light); Excitation: constant (see Excitation Params)
R023,2026-07-15 03:08:03,R023_Floor4_Floor3-Light.csv,0.9954,3.9283,WARNING,R023_Floor4_Floor3-Light.csv,Progressive - Single Floor; Sensor at Floor 4; Damage: Floor 3 (Light); Excitation: constant (see Excitation Params)
R024,2026-07-15 03:09:11,R024_Floor4_Floor3-Light.csv,0.9957,5.0815,CRITICAL,R024_Floor4_Floor3-Light.csv,Progressive - Single Floor; Sensor at Floor 4; Damage: Floor 3 (Light); Excitation: constant (see Excitation Params)
R025,2026-07-15 03:57:08,R025_Floor4_Floor3-Moderate.csv,0.9964,4.6953,WARNING,R025_Floor4_Floor3-Moderate.csv,Progressive - Single Floor; Sensor at Floor 4; Damage: Floor 3 (Moderate); Excitation: constant (see Excitation Params)
R026,2026-07-15 03:10:52,R026_Floor4_Floor3-Moderate.csv,0.9963,6.2473,CRITICAL,R026_Floor4_Floor3-Moderate.csv,Progressive - Single Floor; Sensor at Floor 4; Damage: Floor 3 (Moderate); Excitation: constant (see Excitation Params)
R027,2026-07-15 03:12:00,R027_Floor4_Floor3-Moderate.csv,0.9961,4.9956,WARNING,R027_Floor4_Floor3-Moderate.csv,Progressive - Single Floor; Sensor at Floor 4; Damage: Floor 3 (Moderate); Excitation: constant (see Excitation Params)
R028,2026-07-15 03:12:09,R028_Floor4_Floor3-Severe.csv,0.9957,3.8235,WARNING,R028_Floor4_Floor3-Severe.csv,Progressive - Single Floor; Sensor at Floor 4; Damage: Floor 3 (Severe); Excitation: constant (see Excitation Params)
R029,2026-07-15 03:13:16,R029_Floor4_Floor3-Severe.csv,0.9950,5.7841,CRITICAL,R029_Floor4_Floor3-Severe.csv,Progressive - Single Floor; Sensor at Floor 4; Damage: Floor 3 (Severe); Excitation: constant (see Excitation Params)
R030,2026-07-15 03:14:24,R030_Floor4_Floor3-Severe.csv,0.9964,5.6047,CRITICAL,R030_Floor4_Floor3-Severe.csv,Progressive - Single Floor; Sensor at Floor 4; Damage: Floor 3 (Severe); Excitation: constant (see Excitation Params)
R031,2026-07-15 03:21:13,R031_Floor4_Floor4-Light.csv,0.9958,6.5856,CRITICAL,R031_Floor4_Floor4-Light.csv,Progressive - Single Floor; Sensor at Floor 4; Damage: Floor 4 (Light); Excitation: constant (see Excitation Params)
R032,2026-07-15 03:22:20,R032_Floor4_Floor4-Light.csv,0.9945,5.2600,CRITICAL,R032_Floor4_Floor4-Light.csv,Progressive - Single Floor; Sensor at Floor 4; Damage: Floor 4 (Light); Excitation: constant (see Excitation Params)
R033,2026-07-15 03:23:27,R033_Floor4_Floor4-Light.csv,0.9967,5.1087,CRITICAL,R033_Floor4_Floor4-Light.csv,Progressive - Single Floor; Sensor at Floor 4; Damage: Floor 4 (Light); Excitation: constant (see Excitation Params)
R034,2026-07-15 03:21:45,R034_Floor4_Floor4-Moderate.csv,0.9952,5.2449,CRITICAL,R034_Floor4_Floor4-Moderate.csv,Progressive - Single Floor; Sensor at Floor 4; Damage: Floor 4 (Moderate); Excitation: constant (see Excitation Params)
R035,2026-07-15 03:22:52,R035_Floor4_Floor4-Moderate.csv,0.9956,6.6551,CRITICAL,R035_Floor4_Floor4-Moderate.csv,Progressive - Single Floor; Sensor at Floor 4; Damage: Floor 4 (Moderate); Excitation: constant (see Excitation Params)
R036,2026-07-15 03:23:59,R036_Floor4_Floor4-Moderate.csv,0.9968,4.5607,WARNING,R036_Floor4_Floor4-Moderate.csv,Progressive - Single Floor; Sensor at Floor 4; Damage: Floor 4 (Moderate); Excitation: constant (see Excitation Params)
R037,2026-07-15 03:28:30,R037_Floor4_Floor4-Severe.csv,0.9956,4.8225,WARNING,R037_Floor4_Floor4-Severe.csv,Progressive - Single Floor; Sensor at Floor 4; Damage: Floor 4 (Severe); Excitation: constant (see Excitation Params)
R038,2026-07-15 03:29:37,R038_Floor4_Floor4-Severe.csv,0.9959,4.9088,WARNING,R038_Floor4_Floor4-Severe.csv,Progressive - Single Floor; Sensor at Floor 4; Damage: Floor 4 (Severe); Excitation: constant (see Excitation Params)
R039,2026-07-15 03:33:27,R039_Floor4_Floor4-Severe.csv,0.9951,5.2218,CRITICAL,R039_Floor4_Floor4-Severe.csv,Progressive - Single Floor; Sensor at Floor 4; Damage: Floor 4 (Severe); Excitation: constant (see Excitation Params)
R049,2026-07-15 04:02:54,R049_Floor3_None-NoneBaseline.csv,0.9966,5.4122,CRITICAL,R049_Floor3_None-NoneBaseline.csv,Baseline; Sensor at Floor 3; Damage: None (None (Baseline)); Excitation: constant (see Excitation Params)
R050,2026-07-15 04:04:02,R050_Floor3_None-NoneBaseline.csv,0.9969,6.1663,CRITICAL,R050_Floor3_None-NoneBaseline.csv,Baseline; Sensor at Floor 3; Damage: None (None (Baseline)); Excitation: constant (see Excitation Params)
R051,2026-07-15 04:04:18,R051_Floor3_None-NoneBaseline.csv,0.9979,5.0673,CRITICAL,R051_Floor3_None-NoneBaseline.csv,Baseline; Sensor at Floor 3; Damage: None (None (Baseline)); Excitation: constant (see Excitation Params)
